0.00301613,-0.0134834
0.00301515,-0.0134831
0.00301431,-0.0134824
0.00301329,-0.0134815
0.00301273,-0.0134803
0.00301196,-0.0134788
0.00301079,-0.0134772
0.00301069,-0.0134755
0.00300945,-0.0134734
0.00300889,-0.0134716
0.00300859,-0.0134696
0.00300772,-0.0134674
0.00300753,-0.0134655
0.00300733,-0.0134635
0.00300668,-0.0134617
0.00300694,-0.0134604
0.00300701,-0.0134588
0.00300707,-0.0134577
0.00300755,-0.0134569
0.00300802,-0.0134562
0.00300885,-0.013456
0.00301358,-0.0134831
0.00301294,-0.0134828
0.00301211,-0.0134821
0.00301131,-0.0134812
0.00301053,-0.01348
0.00300969,-0.0134786
0.00300904,-0.013477
0.00300821,-0.0134752
0.00300764,-0.0134733
0.003007,-0.0134713
0.00300645,-0.0134692
0.00300591,-0.0134672
0.00300544,-0.0134653
0.00300515,-0.0134635
0.00300505,-0.0134617
0.00300487,-0.0134601
0.00300485,-0.0134587
0.00300499,-0.0134576
0.00300537,-0.0134568
0.00300589,-0.0134563
0.00300637,-0.0134559
0.00300923,-0.0134828
0.00300849,-0.0134824
0.00300776,-0.0134818
0.00300696,-0.0134809
0.00300616,-0.0134797
0.00300541,-0.0134783
0.00300468,-0.0134767
0.00300396,-0.013475
0.00300327,-0.0134731
0.00300271,-0.0134711
0.00300219,-0.013469
0.0030016,-0.013467
0.0030011,-0.0134651
0.00300084,-0.0134633
0.00300077,-0.0134615
0.00300063,-0.0134599
0.00300049,-0.0134585
0.00300064,-0.0134575
0.00300108,-0.0134567
0.00300154,-0.0134561
0.00300202,-0.0134558
0.00300277,-0.0134823
0.00300207,-0.0134819
0.0030014,-0.0134813
0.00300069,-0.0134804
0.00299997,-0.0134792
0.00299927,-0.0134778
0.00299863,-0.0134762
0.0029979,-0.0134744
0.00299718,-0.0134726
0.00299654,-0.0134707
0.00299609,-0.0134687
0.00299557,-0.0134666
0.00299505,-0.0134647
0.00299469,-0.0134628
0.00299458,-0.0134611
0.00299444,-0.0134595
0.00299433,-0.0134582
0.00299445,-0.0134571
0.00299483,-0.0134562
0.0029952,-0.0134556
0.00299557,-0.0134556
0.00299432,-0.0134816
0.00299369,-0.0134814
0.00299304,-0.0134808
0.00299241,-0.0134798
0.00299171,-0.0134787
0.00299098,-0.0134773
0.00299037,-0.0134757
0.00298972,-0.0134739
0.00298898,-0.0134721
0.00298827,-0.0134702
0.00298782,-0.0134683
0.00298741,-0.0134662
0.00298693,-0.0134642
0.00298647,-0.0134623
0.00298627,-0.0134606
0.00298617,-0.0134591
0.00298613,-0.0134579
0.00298621,-0.0134567
0.00298651,-0.0134557
0.00298684,-0.0134552
0.00298717,-0.0134548
0.00298436,-0.0134809
0.00298367,-0.0134806
0.00298315,-0.01348
0.00298269,-0.013479
0.00298206,-0.0134779
0.00298129,-0.0134766
0.00298072,-0.0134751
0.00298023,-0.0134732
0.00297961,-0.0134714
0.00297888,-0.0134694
0.00297839,-0.0134675
0.002978,-0.0134655
0.00297756,-0.0134636
0.00297706,-0.0134617
0.00297678,-0.01346
0.00297664,-0.0134585
0.00297653,-0.0134572
0.00297646,-0.0134561
0.00297659,-0.0134552
0.00297684,-0.0134546
0.00297725,-0.0134547
0.00297275,-0.0134802
0.00297209,-0.0134799
0.0029716,-0.0134793
0.00297122,-0.0134783
0.00297062,-0.0134772
0.0029698,-0.0134759
0.00296919,-0.0134744
0.00296875,-0.0134726
0.00296821,-0.0134708
0.00296749,-0.0134688
0.00296692,-0.0134668
0.00296649,-0.0134648
0.00296606,-0.013463
0.0029656,-0.0134612
0.00296534,-0.0134594
0.00296518,-0.0134578
0.00296505,-0.0134565
0.00296495,-0.0134554
0.00296504,-0.0134546
0.00296529,-0.0134541
0.00296565,-0.0134535
0.00295987,-0.0134792
0.00295939,-0.013479
0.00295901,-0.0134784
0.00295874,-0.0134775
0.00295827,-0.0134763
0.0029576,-0.013475
0.00295704,-0.0134734
0.0029566,-0.0134717
0.00295606,-0.0134699
0.0029554,-0.013468
0.00295485,-0.013466
0.00295438,-0.0134639
0.0029539,-0.0134621
0.00295344,-0.0134603
0.00295313,-0.0134586
0.00295289,-0.0134569
0.00295267,-0.0134556
0.00295253,-0.0134546
0.00295257,-0.0134538
0.00295265,-0.0134532
0.00295279,-0.013453
0.00294612,-0.0134784
0.00294568,-0.0134781
0.00294532,-0.0134776
0.00294498,-0.0134767
0.00294454,-0.0134756
0.00294401,-0.0134742
0.00294351,-0.0134726
0.00294299,-0.0134709
0.00294238,-0.0134691
0.00294178,-0.0134673
0.00294131,-0.0134653
0.00294084,-0.0134632
0.00294032,-0.0134613
0.00293985,-0.0134595
0.00293953,-0.0134578
0.00293924,-0.0134562
0.00293897,-0.0134549
0.00293885,-0.0134538
0.00293891,-0.0134529
0.00293896,-0.0134524
0.00293897,-0.0134521
0.0029316,-0.0134774
0.00293149,-0.0134771
0.00293128,-0.0134765
0.00293095,-0.0134756
0.00293056,-0.0134746
0.00293022,-0.0134732
0.00292986,-0.0134717
0.00292937,-0.0134699
0.00292876,-0.0134681
0.00292825,-0.0134662
0.00292784,-0.0134643
0.00292736,-0.0134622
0.00292676,-0.0134603
0.00292627,-0.0134584
0.00292592,-0.0134568
0.00292553,-0.0134553
0.0029251,-0.013454
0.00292485,-0.0134529
0.00292479,-0.013452
0.0029247,-0.0134514
0.0029246,-0.0134512
0.00291675,-0.0134765
0.0029168,-0.0134762
0.00291664,-0.0134756
0.00291631,-0.0134748
0.00291591,-0.0134737
0.00291559,-0.0134724
0.00291522,-0.0134709
0.00291474,-0.0134692
0.00291415,-0.0134673
0.00291368,-0.0134653
0.00291323,-0.0134634
0.00291269,-0.0134614
0.00291207,-0.0134596
0.00291162,-0.0134577
0.00291129,-0.013456
0.00291091,-0.0134544
0.00291045,-0.0134531
0.00291016,-0.013452
0.00291004,-0.0134511
0.00290994,-0.0134505
0.00290977,-0.0134503
0.00290213,-0.0134755
0.00290215,-0.0134753
0.00290213,-0.0134747
0.00290199,-0.0134738
0.00290175,-0.0134727
0.0029015,-0.0134713
0.00290115,-0.0134698
0.00290074,-0.0134681
0.00290025,-0.0134664
0.00289981,-0.0134643
0.0028993,-0.0134624
0.00289874,-0.0134604
0.00289812,-0.0134586
0.00289764,-0.0134567
0.00289722,-0.013455
0.00289677,-0.0134534
0.00289626,-0.0134521
0.00289587,-0.013451
0.00289559,-0.0134502
0.00289533,-0.0134496
0.00289508,-0.0134493
0.00288764,-0.0134746
0.00288772,-0.0134744
0.00288769,-0.0134739
0.00288766,-0.013473
0.00288751,-0.0134719
0.00288725,-0.0134705
0.00288687,-0.013469
0.0028865,-0.0134673
0.00288604,-0.0134656
0.00288559,-0.0134636
0.00288504,-0.0134617
0.00288453,-0.0134596
0.00288396,-0.0134578
0.00288346,-0.0134559
0.00288291,-0.0134542
0.00288244,-0.0134526
0.00288196,-0.0134513
0.00288159,-0.0134502
0.00288122,-0.0134493
0.00288093,-0.0134487
0.00288068,-0.0134484
0.00287395,-0.0134738
0.00287409,-0.0134735
0.0028742,-0.0134729
0.00287431,-0.013472
0.00287425,-0.013471
0.00287407,-0.0134696
0.00287377,-0.0134681
0.00287351,-0.0134663
0.00287311,-0.0134645
0.00287266,-0.0134626
0.00287209,-0.0134607
0.00287163,-0.0134587
0.00287109,-0.0134567
0.00287052,-0.0134549
0.00286983,-0.0134533
0.00286927,-0.0134517
0.00286874,-0.0134504
0.00286825,-0.0134492
0.00286772,-0.0134484
0.00286725,-0.0134478
0.00286688,-0.0134474
0.00286108,-0.013473
0.00286134,-0.0134727
0.00286152,-0.0134721
0.0028616,-0.0134713
0.00286152,-0.0134703
0.00286135,-0.013469
0.00286107,-0.0134675
0.00286083,-0.0134657
0.00286043,-0.0134638
0.00285995,-0.0134619
0.00285936,-0.01346
0.00285889,-0.013458
0.00285835,-0.0134561
0.00285777,-0.0134542
0.00285708,-0.0134525
0.00285654,-0.013451
0.00285602,-0.0134496
0.00285549,-0.0134484
0.00285488,-0.0134475
0.00285446,-0.0134469
0.00285397,-0.0134467
0.00284942,-0.0134723
0.00284996,-0.013472
0.0028502,-0.0134715
0.00285037,-0.0134705
0.00285037,-0.0134695
0.00285031,-0.0134681
0.0028501,-0.0134667
0.00284987,-0.0134649
0.0028495,-0.0134631
0.00284908,-0.0134611
0.0028485,-0.0134592
0.00284798,-0.0134572
0.00284738,-0.0134553
0.00284678,-0.0134534
0.00284608,-0.0134517
0.00284549,-0.0134501
0.00284488,-0.0134488
0.00284424,-0.0134476
0.00284354,-0.0134468
0.00284294,-0.0134461
0.00284267,-0.0134459
0.0028396,-0.0134717
0.00283983,-0.0134715
0.00284018,-0.013471
0.00284034,-0.0134701
0.00284041,-0.0134689
0.00284041,-0.0134676
0.00284021,-0.0134661
0.00283993,-0.0134644
0.00283955,-0.0134626
0.00283919,-0.0134606
0.00283866,-0.0134586
0.00283811,-0.0134566
0.00283747,-0.0134547
0.00283687,-0.0134528
0.00283618,-0.0134511
0.00283555,-0.0134494
0.00283488,-0.0134481
0.00283422,-0.013447
0.00283353,-0.0134461
0.00283294,-0.0134455
0.00283219,-0.0134449
0.00283084,-0.0134712
0.00283169,-0.013471
0.00283199,-0.0134704
0.00283225,-0.0134696
0.00283239,-0.0134685
0.00283247,-0.0134671
0.00283232,-0.0134655
0.00283206,-0.0134638
0.00283172,-0.013462
0.00283138,-0.01346
0.00283087,-0.013458
0.0028303,-0.013456
0.00282965,-0.0134541
0.00282903,-0.0134522
0.00282831,-0.0134505
0.00282758,-0.0134489
0.00282681,-0.0134475
0.00282611,-0.0134464
0.00282538,-0.0134455
0.00282468,-0.0134448
0.00282399,-0.0134447
0.00282487,-0.013471
0.00282519,-0.0134706
0.00282568,-0.01347
0.00282589,-0.0134692
0.00282603,-0.0134682
0.00282609,-0.0134669
0.00282596,-0.0134653
0.00282573,-0.0134635
0.00282536,-0.0134617
0.002825,-0.0134597
0.00282445,-0.0134577
0.00282388,-0.0134557
0.00282323,-0.0134538
0.00282263,-0.0134518
0.00282191,-0.0134501
0.00282116,-0.0134485
0.00282038,-0.0134471
0.00281968,-0.0134459
0.00281896,-0.0134449
0.00281819,-0.0134443
0.00281762,-0.013444
0.00282006,-0.0134707
0.00282098,-0.0134704
0.00282136,-0.0134698
0.00282173,-0.013469
0.00282186,-0.013468
0.00282192,-0.0134666
0.00282186,-0.013465
0.0028216,-0.0134632
0.00282132,-0.0134614
0.00282088,-0.0134594
0.00282038,-0.0134574
0.00281976,-0.0134554
0.00281916,-0.0134534
0.00281847,-0.0134515
0.00281776,-0.0134497
0.002817,-0.0134482
0.00281619,-0.0134468
0.00281543,-0.0134455
0.00281465,-0.0134446
0.00281384,-0.0134439
0.00281276,-0.0134436
0.00281793,-0.0134707
0.00281855,-0.0134703
0.00281939,-0.01347
0.00281934,-0.013469
0.00281984,-0.0134677
0.00281988,-0.0134667
0.00281951,-0.0134647
0.00281968,-0.0134633
0.00281912,-0.0134614
0.00281874,-0.0134591
0.00281833,-0.0134574
0.00281774,-0.0134552
0.00281694,-0.0134532
0.00281651,-0.0134514
0.00281553,-0.0134496
0.0028148,-0.0134478
0.00281425,-0.0134466
0.00281312,-0.0134454
0.00281238,-0.0134443
0.00281173,-0.013444
0.0028106,-0.0134434
